Length,Base_Prime,Alpha,Shift,Initial_PSL,Optimized_PSL,Improvement
3,3,2,0,1,1,0
4,5,2,1,0,0,0
5,5,2,1,3,3,0
6,7,3,1,2,2,0
7,7,3,1,5,3,2
8,11,2,2,4,4,0
9,11,2,2,3,3,0
10,11,2,2,2,2,0
11,11,2,2,5,3,2
12,13,2,3,4,4,0
13,13,2,3,5,1,4
14,17,5,3,2,2,0
15,17,5,3,3,3,0
16,17,3,4,4,4,0
17,17,5,4,3,3,0
18,19,2,4,2,2,0
19,19,2,4,5,5,0
20,23,19,5,4,4,0
21,23,10,5,5,3,2
22,23,5,5,2,2,0
23,23,7,5,5,3,2
24,29,2,6,8,4,4
25,29,3,6,3,3,0
26,29,2,6,6,6,0
27,29,2,6,5,5,0
28,29,2,7,4,4,0
29,29,8,7,5,3,2
30,31,3,7,2,2,0
31,31,11,7,5,5,0
32,37,2,8,8,8,0
33,37,20,8,7,5,2
34,37,5,8,6,6,0
35,37,22,8,7,5,2
36,37,2,9,4,4,0
37,37,5,9,7,5,2
38,41,6,9,6,6,0
39,41,6,9,5,5,0
40,41,6,10,4,4,0
41,41,6,10,5,5,0
42,43,3,10,2,2,0
43,43,12,10,7,5,2
44,47,5,11,8,8,0
45,47,5,11,7,7,0
46,47,5,11,2,2,0
47,47,31,11,7,5,2
48,53,5,12,8,4,4
49,53,8,12,7,7,0
50,53,5,12,10,6,4
51,53,3,12,9,7,2
52,53,2,13,4,4,0
53,53,32,13,7,7,0
54,59,2,13,10,6,4
56,59,13,14,8,8,0
57,59,50,14,7,7,0
58,59,2,14,2,2,0
59,59,10,14,9,7,2
60,61,2,15,4,4,0
61,61,10,15,9,7,2
62,67,12,15,10,6,4
63,67,7,15,9,9,0
64,67,13,16,8,8,0
65,67,7,16,11,9,2
66,67,2,16,2,2,0
67,67,7,16,9,9,0
68,71,11,17,12,8,4
69,71,63,17,7,7,0
70,71,7,17,2,2,0
71,71,7,17,9,7,2
72,73,5,18,4,4,0
73,73,14,18,11,7,4
74,79,3,18,14,10,4
75,79,3,18,9,7,2
76,79,6,19,12,8,4
84,89,13,21,12,8,4
85,89,27,21,9,9,0
86,89,27,21,10,10,0
87,89,27,21,9,9,0
88,89,3,22,4,4,0
89,89,27,22,9,9,0
90,97,59,22,10,10,0
91,97,29,22,11,9,2
93,97,29,23,11,9,2
94,97,7,23,14,10,4
95,97,5,23,13,11,2
96,97,5,24,4,4,0
97,97,23,24,11,11,0
98,101,2,24,14,10,4
102,103,5,25,2,2,0
103,103,5,25,13,13,0
104,107,5,26,16,12,4
105,107,6,26,13,7,6
106,107,2,26,2,2,0
107,107,17,26,11,9,2
108,109,6,27,4,4,0
109,109,10,27,13,9,4
110,113,10,27,14,14,0
120,127,3,30,16,12,4
121,127,12,30,11,11,0
122,127,12,30,14,10,4
123,127,53,30,11,11,0
124,127,3,31,20,12,8
125,127,12,31,11,9,2
126,127,3,31,2,2,0
127,127,12,31,11,11,0
128,131,50,32,16,12,4
129,131,76,32,13,13,0
130,131,2,32,2,2,0
131,131,17,32,13,13,0
132,137,24,33,16,16,0
140,149,13,35,16,16,0
141,149,8,35,15,11,4
142,149,13,35,18,14,4
143,149,8,35,15,13,2
146,149,8,36,14,14,0
147,149,8,36,15,13,2
148,149,2,37,4,4,0
155,157,6,38,17,13,4
156,157,5,39,4,4,0
157,157,20,39,17,15,2
158,163,2,39,18,14,4
168,173,3,42,20,20,0
169,173,11,42,15,15,0
170,173,5,42,18,10,8
171,173,2,42,17,15,2
172,173,2,43,4,4,0
186,191,47,46,18,14,4
187,191,47,46,15,15,0
188,191,44,47,24,12,12
189,191,47,47,17,15,2
190,191,19,47,2,2,0
204,211,108,51,24,16,8
205,211,7,51,19,13,6
206,211,7,51,22,14,8
210,211,2,52,2,2,0
211,211,91,52,19,15,4
212,223,22,53,24,16,8
213,223,11,53,19,15,4
214,223,11,53,22,18,4
217,223,46,54,19,15,4
218,223,46,54,22,14,8
219,223,10,54,19,17,2
220,223,22,55,24,16,8
221,223,46,55,17,17,0
248,251,19,62,28,16,12
249,251,57,62,21,19,2
250,251,6,62,2,2,0
251,251,24,62,21,17,4
252,257,7,63,28,20,8
253,257,5,63,21,17,4
254,257,51,63,26,18,8
255,257,5,63,21,19,2
256,257,3,64,4,4,0
257,257,7,64,21,17,4
258,263,5,64,30,14,16
259,263,38,64,21,15,6
292,293,2,73,4,4,0
293,293,3,73,23,15,8
310,311,17,77,2,2,0
311,311,17,77,25,19,6
312,313,10,78,4,4,0
315,317,8,78,25,19,6
316,317,2,79,4,4,0
317,317,18,79,23,19,4
340,347,19,85,32,20,12
341,347,20,85,25,21,4
342,347,20,85,34,22,12
343,347,19,85,25,21,4
357,359,13,89,27,19,8
358,359,7,89,2,2,0
372,373,2,93,4,4,0
373,373,24,93,27,21,6
374,379,13,93,34,22,12
375,379,65,93,27,19,8
381,383,22,95,25,19,6
382,383,5,95,2,2,0
383,383,22,95,25,21,4
384,389,48,96,36,24,12
420,421,2,105,4,4,0
421,421,39,105,27,23,4
422,431,43,105,38,22,16
423,431,39,105,29,23,6
434,439,15,108,42,26,16
435,439,37,108,29,23,6
436,439,37,109,36,20,16
437,439,57,109,29,21,8
465,467,18,116,31,23,8
466,467,2,116,2,2,0
467,467,18,116,29,25,4
468,479,76,117,32,24,8
504,509,50,126,40,24,16
505,509,28,126,31,19,12
506,509,3,126,46,26,20
508,509,2,127,4,4,0
509,509,28,127,31,23,8
510,521,7,127,38,26,12
511,521,35,127,29,27,2
512,521,66,128,40,24,16
513,521,35,128,31,27,4
514,521,35,128,42,22,20
595,599,70,148,35,27,8
596,599,7,149,52,28,24
620,631,12,155,48,32,16
621,631,12,155,35,29,6
630,631,3,157,2,2,0
631,631,12,157,37,31,6
635,641,6,158,33,29,4
636,641,23,159,52,28,24
651,653,2,162,37,27,10
652,653,2,163,4,4,0
653,653,2,163,39,37,2
682,683,5,170,2,2,0
683,683,41,170,37,29,8
744,751,17,186,56,32,24
745,751,39,186,41,31,10
762,769,11,190,62,34,28
763,769,29,190,39,29,10
764,769,58,191,56,36,20
819,821,21,204,43,37,6
820,821,2,205,4,4,0
840,853,11,210,64,32,32
841,853,32,210,45,35,10
868,877,13,217,64,36,28
869,877,24,217,43,37,6
870,877,52,217,62,34,28
889,907,17,222,43,37,6
890,907,65,222,58,38,20
891,907,3,222,45,33,12
930,937,10,232,62,34,28
931,937,47,232,45,33,12
932,937,91,233,56,36,20
1016,1019,30,254,64,40,24
1017,1019,10,254,43,39,4
1020,1021,10,255,4,4,0
1021,1021,22,255,51,39,12
1022,1031,63,255,66,38,28
1023,1031,21,255,49,41,8
1024,1031,34,256,68,36,32
1025,1031,71,256,47,37,10
1302,1303,6,325,2,2,0
1303,1303,53,325,53,45,8
1524,1531,87,381,76,56,20
1525,1531,33,381,61,49,12
1533,1543,54,383,61,47,14
1534,1543,12,383,82,46,36
1778,1783,42,444,98,50,48
1779,1783,80,444,65,55,10
1785,1787,7,446,67,53,14
1786,1787,2,446,2,2,0
1860,1861,2,465,4,4,0
1861,1861,2,465,71,57,14
1905,1907,50,476,67,57,10
1906,1907,2,476,2,2,0
1953,1973,22,488,71,57,14
1954,1973,39,488,102,54,48
2044,2053,35,511,104,60,44
2045,2053,24,511,73,57,16
2046,2053,35,511,102,62,40
2047,2053,24,511,73,57,16
2048,2053,35,512,100,56,44
